driver	ladder	family	nodes	ranks	world	srcdir	rep	seconds	terms	terms_per_node	rss_sum_kb	rss_worst_kb	rss_ranks	gate
ab	strong_s5	strong	16	128	2048	ab-hubbard-296ft-strong-r10-N16	1	26.9230	3104527573	194032973	266464700	2160104	128	ok
ab	strong_s5	strong	16	128	2048	ab-hubbard-296ft-strong-r10-N16	2	27.0718	3104527573	194032973	266245964	2181392	128	ok
ab	strong_s5	strong	16	128	2048	ab-hubbard-296ft-strong-r10-N16	3	27.0544	3104527573	194032973	266241784	2175172	128	ok
ab	strong_s5	strong	16	128	2048	ab-hubbard-296ft-strong-r10-N16	4	31.5667	3104527573	194032973	266311352	2160016	128	ok
ab	strong_s5	strong	16	128	2048	ab-hubbard-296ft-strong-r10-N16	5	26.9860	3104527573	194032973	266352960	2163844	128	ok
ab	strong_s5	strong	16	128	2048	ab-hubbard-296ft-strong-r10-N16	6	26.9793	3104527573	194032973	266095524	2154168	128	ok
ab	strong_s5	strong	16	128	2048	ab-hubbard-296ft-strong-r10-N16	7	27.0291	3104527573	194032973	266265304	2156968	128	ok
ab	strong_s5	strong	16	128	2048	ab-hubbard-296ft-strong-r10-N16	8	26.9091	3104527573	194032973	266216908	2171508	128	ok
ab	strong_s5	strong	16	128	2048	ab-hubbard-296ft-strong-r10-N16	9	26.9008	3104527573	194032973	266302384	2182900	128	ok
ab	strong_s5	strong	16	128	2048	ab-hubbard-296ft-strong-r10-N16	10	26.8596	3104527573	194032973	266256176	2157308	128	ok
ab	strong_s5	strong	32	256	4096	ab-hubbard-296ft-strong-r10-N32	1	15.1474	3104527573	97016487	365911244	1485720	256	ok
ab	strong_s5	strong	32	256	4096	ab-hubbard-296ft-strong-r10-N32	2	19.9822	3104527573	97016487	365768032	1481396	256	ok
ab	strong_s5	strong	32	256	4096	ab-hubbard-296ft-strong-r10-N32	3	15.2389	3104527573	97016487	365906952	1489728	256	ok
ab	strong_s5	strong	32	256	4096	ab-hubbard-296ft-strong-r10-N32	4	15.1466	3104527573	97016487	365899564	1487668	256	ok
ab	strong_s5	strong	32	256	4096	ab-hubbard-296ft-strong-r10-N32	5	15.1640	3104527573	97016487	365926060	1488936	256	ok
ab	strong_s5	strong	32	256	4096	ab-hubbard-296ft-strong-r10-N32	6	15.4439	3104527573	97016487	365734264	1481652	256	ok
ab	strong_s5	strong	32	256	4096	ab-hubbard-296ft-strong-r10-N32	7	15.3218	3104527573	97016487	365848784	1485996	256	ok
ab	strong_s5	strong	32	256	4096	ab-hubbard-296ft-strong-r10-N32	8	15.2433	3104527573	97016487	365871836	1483768	256	ok
ab	strong_s5	strong	32	256	4096	ab-hubbard-296ft-strong-r10-N32	9	15.4656	3104527573	97016487	365991380	1485152	256	ok
ab	strong_s5	strong	32	256	4096	ab-hubbard-296ft-strong-r10-N32	10	15.2794	3104527573	97016487	366023436	1494180	256	ok
ab	strong_s5	strong	64	512	8192	ab-hubbard-296ft-strong-r10-N64	1	9.0880	3104527573	48508243	433157624	888264	512	ok
ab	strong_s5	strong	64	512	8192	ab-hubbard-296ft-strong-r10-N64	2	9.1790	3104527573	48508243	433020684	890456	512	ok
ab	strong_s5	strong	64	512	8192	ab-hubbard-296ft-strong-r10-N64	3	9.0787	3104527573	48508243	433087324	886760	512	ok
ab	strong_s5	strong	64	512	8192	ab-hubbard-296ft-strong-r10-N64	4	9.0522	3104527573	48508243	433137348	889068	512	ok
ab	strong_s5	strong	64	512	8192	ab-hubbard-296ft-strong-r10-N64	5	9.2091	3104527573	48508243	433339732	894580	512	ok
ab	strong_s5	strong	64	512	8192	ab-hubbard-296ft-strong-r10-N64	6	9.0776	3104527573	48508243	433312964	890248	512	ok
ab	strong_s5	strong	64	512	8192	ab-hubbard-296ft-strong-r10-N64	7	9.1488	3104527573	48508243	433253900	887184	512	ok
ab	strong_s5	strong	64	512	8192	ab-hubbard-296ft-strong-r10-N64	8	9.0996	3104527573	48508243	433124124	879580	512	ok
ab	strong_s5	strong	64	512	8192	ab-hubbard-296ft-strong-r10-N64	9	8.9722	3104527573	48508243	433080836	884836	512	ok
ab	strong_s5	strong	64	512	8192	ab-hubbard-296ft-strong-r10-N64	10	9.2031	3104527573	48508243	433034380	893436	512	ok
ab	strong_s5	strong	1	8	128	ab-hubbard-296ft-strong-r3-N1	1	427.7606	3104527573	3104527573	206078872	25799604	8	ok
ab	strong_s5	strong	1	8	128	ab-hubbard-296ft-strong-r3-N1	2	427.6512	3104527573	3104527573	206137992	25815076	8	ok
ab	strong_s5	strong	1	8	128	ab-hubbard-296ft-strong-r3-N1	3	437.3427	3104527573	3104527573	206056620	25785840	8	ok
ab	strong_s5	strong	2	16	256	ab-hubbard-296ft-strong-r3-N2	1	212.9288	3104527573	1552263786	209834208	13169004	16	ok
ab	strong_s5	strong	2	16	256	ab-hubbard-296ft-strong-r3-N2	2	217.4695	3104527573	1552263786	209835832	13171800	16	ok
ab	strong_s5	strong	2	16	256	ab-hubbard-296ft-strong-r3-N2	3	217.2277	3104527573	1552263786	209857028	13177180	16	ok
ab	strong_s5	strong	4	32	512	ab-hubbard-296ft-strong-r3-N4	1	105.3222	3104527573	776131893	215333512	6759500	32	ok
ab	strong_s5	strong	4	32	512	ab-hubbard-296ft-strong-r3-N4	2	104.8917	3104527573	776131893	215318248	6770040	32	ok
ab	strong_s5	strong	4	32	512	ab-hubbard-296ft-strong-r3-N4	3	105.0353	3104527573	776131893	215024636	6770604	32	ok
ab	strong_s5	strong	8	64	1024	ab-hubbard-296ft-strong-r3-N8	1	51.8548	3104527573	388065947	230712652	3654024	64	ok
ab	strong_s5	strong	8	64	1024	ab-hubbard-296ft-strong-r3-N8	2	56.1276	3104527573	388065947	230866448	3654304	64	ok
ab	strong_s5	strong	8	64	1024	ab-hubbard-296ft-strong-r3-N8	3	51.6537	3104527573	388065947	230370044	3678508	64	ok
ab	weak_97m	weak	16	128	2048	ab-hubbard-296ft-weak-r10-N16	1	13.7837	1569152761	98072048	182866696	1484024	128	ok
ab	weak_97m	weak	16	128	2048	ab-hubbard-296ft-weak-r10-N16	2	13.8014	1569152761	98072048	182909232	1494492	128	ok
ab	weak_97m	weak	16	128	2048	ab-hubbard-296ft-weak-r10-N16	3	13.7573	1569152761	98072048	182958308	1484164	128	ok
ab	weak_97m	weak	16	128	2048	ab-hubbard-296ft-weak-r10-N16	4	13.7296	1569152761	98072048	182874180	1487492	128	ok
ab	weak_97m	weak	16	128	2048	ab-hubbard-296ft-weak-r10-N16	5	13.8509	1569152761	98072048	182919836	1482144	128	ok
ab	weak_97m	weak	16	128	2048	ab-hubbard-296ft-weak-r10-N16	6	13.8237	1569152761	98072048	183046016	1487368	128	ok
ab	weak_97m	weak	16	128	2048	ab-hubbard-296ft-weak-r10-N16	7	13.8500	1569152761	98072048	182942332	1483452	128	ok
ab	weak_97m	weak	16	128	2048	ab-hubbard-296ft-weak-r10-N16	8	13.8015	1569152761	98072048	183040688	1491556	128	ok
ab	weak_97m	weak	16	128	2048	ab-hubbard-296ft-weak-r10-N16	9	13.8223	1569152761	98072048	182993004	1488836	128	ok
ab	weak_97m	weak	16	128	2048	ab-hubbard-296ft-weak-r10-N16	10	13.7070	1569152761	98072048	183056480	1486248	128	ok
ab	weak_97m	weak	32	256	4096	ab-hubbard-296ft-weak-r10-N32	1	15.3624	3104527573	97016487	365997536	1487184	256	ok
ab	weak_97m	weak	32	256	4096	ab-hubbard-296ft-weak-r10-N32	2	15.1757	3104527573	97016487	366003032	1482560	256	ok
ab	weak_97m	weak	32	256	4096	ab-hubbard-296ft-weak-r10-N32	3	15.1803	3104527573	97016487	365864828	1493412	256	ok
ab	weak_97m	weak	32	256	4096	ab-hubbard-296ft-weak-r10-N32	4	15.2605	3104527573	97016487	366046640	1497312	256	ok
ab	weak_97m	weak	32	256	4096	ab-hubbard-296ft-weak-r10-N32	5	15.1689	3104527573	97016487	365832312	1488980	256	ok
ab	weak_97m	weak	32	256	4096	ab-hubbard-296ft-weak-r10-N32	6	15.4310	3104527573	97016487	366013396	1492384	256	ok
ab	weak_97m	weak	32	256	4096	ab-hubbard-296ft-weak-r10-N32	7	19.8549	3104527573	97016487	365777332	1489116	256	ok
ab	weak_97m	weak	32	256	4096	ab-hubbard-296ft-weak-r10-N32	8	15.3039	3104527573	97016487	365883272	1489812	256	ok
ab	weak_97m	weak	32	256	4096	ab-hubbard-296ft-weak-r10-N32	9	15.1913	3104527573	97016487	366020480	1490984	256	ok
ab	weak_97m	weak	32	256	4096	ab-hubbard-296ft-weak-r10-N32	10	15.1927	3104527573	97016487	366114264	1491708	256	ok
ab	weak_97m	weak	64	512	8192	ab-hubbard-296ft-weak-r10-N64	1	17.1248	6125805627	95715713	747531908	1519608	512	ok
ab	weak_97m	weak	64	512	8192	ab-hubbard-296ft-weak-r10-N64	2	16.9464	6125805627	95715713	747453452	1514040	512	ok
ab	weak_97m	weak	64	512	8192	ab-hubbard-296ft-weak-r10-N64	3	17.0375	6125805627	95715713	747141092	1513296	512	ok
ab	weak_97m	weak	64	512	8192	ab-hubbard-296ft-weak-r10-N64	4	16.9347	6125805627	95715713	747406716	1513172	512	ok
ab	weak_97m	weak	64	512	8192	ab-hubbard-296ft-weak-r10-N64	5	16.6981	6125805627	95715713	747777468	1518508	512	ok
ab	weak_97m	weak	64	512	8192	ab-hubbard-296ft-weak-r10-N64	6	16.8398	6125805627	95715713	747536288	1525612	512	ok
ab	weak_97m	weak	64	512	8192	ab-hubbard-296ft-weak-r10-N64	7	16.8337	6125805627	95715713	747404112	1517184	512	ok
ab	weak_97m	weak	64	512	8192	ab-hubbard-296ft-weak-r10-N64	8	16.8319	6125805627	95715713	747065944	1526968	512	ok
ab	weak_97m	weak	64	512	8192	ab-hubbard-296ft-weak-r10-N64	9	16.9936	6125805627	95715713	747115100	1522284	512	ok
ab	weak_97m	weak	64	512	8192	ab-hubbard-296ft-weak-r10-N64	10	16.9710	6125805627	95715713	747438912	1514528	512	ok
ab	weak_97m	weak	1	8	128	ab-hubbard-296ft-weak-r3-N1	1	13.3927	96981051	96981051	11175572	1430160	8	ok
ab	weak_97m	weak	1	8	128	ab-hubbard-296ft-weak-r3-N1	2	10.3038	96981051	96981051	11163464	1432444	8	ok
ab	weak_97m	weak	1	8	128	ab-hubbard-296ft-weak-r3-N1	3	10.2461	96981051	96981051	11134516	1422068	8	ok
ab	weak_97m	weak	2	16	256	ab-hubbard-296ft-weak-r3-N2	1	9.9596	184124520	92062260	20114640	1283928	16	ok
ab	weak_97m	weak	2	16	256	ab-hubbard-296ft-weak-r3-N2	2	9.9814	184124520	92062260	20117976	1287756	16	ok
ab	weak_97m	weak	2	16	256	ab-hubbard-296ft-weak-r3-N2	3	14.4364	184124520	92062260	20063028	1286768	16	ok
ab	weak_97m	weak	4	32	512	ab-hubbard-296ft-weak-r3-N4	1	11.8629	377482074	94370518	48096228	1537340	32	ok
ab	weak_97m	weak	4	32	512	ab-hubbard-296ft-weak-r3-N4	2	11.6513	377482074	94370518	48135408	1540712	32	ok
ab	weak_97m	weak	4	32	512	ab-hubbard-296ft-weak-r3-N4	3	11.8604	377482074	94370518	48197704	1553372	32	ok
ab	weak_97m	weak	8	64	1024	ab-hubbard-296ft-weak-r3-N8	1	12.5186	781669404	97708676	91486244	1467668	64	ok
ab	weak_97m	weak	8	64	1024	ab-hubbard-296ft-weak-r3-N8	2	12.4145	781669404	97708676	91506432	1476828	64	ok
ab	weak_97m	weak	8	64	1024	ab-hubbard-296ft-weak-r3-N8	3	12.4978	781669404	97708676	91442124	1474140	64	ok
scale	strong_s4	strong	1	8	128	scale-hubbard-296ft-strong_s4-r5-N1	1	213.1882	1569152761	1569152761	104518304	13115840	8	ok
scale	strong_s4	strong	1	8	128	scale-hubbard-296ft-strong_s4-r5-N1	2	212.7511	1569152761	1569152761	104735020	13151168	8	ok
scale	strong_s4	strong	1	8	128	scale-hubbard-296ft-strong_s4-r5-N1	3	212.0580	1569152761	1569152761	104624336	13122844	8	ok
scale	strong_s4	strong	1	8	128	scale-hubbard-296ft-strong_s4-r5-N1	4	211.9398	1569152761	1569152761	104736264	13148720	8	ok
scale	strong_s4	strong	1	8	128	scale-hubbard-296ft-strong_s4-r5-N1	5	207.6569	1569152761	1569152761	104607284	13142964	8	ok
scale	strong_s4	strong	16	128	2048	scale-hubbard-296ft-strong_s4-r5-N16	1	13.9242	1569152761	98072048	183003936	1486068	128	ok
scale	strong_s4	strong	16	128	2048	scale-hubbard-296ft-strong_s4-r5-N16	2	13.6943	1569152761	98072048	182900456	1486728	128	ok
scale	strong_s4	strong	16	128	2048	scale-hubbard-296ft-strong_s4-r5-N16	3	13.6725	1569152761	98072048	182933828	1489936	128	ok
scale	strong_s4	strong	16	128	2048	scale-hubbard-296ft-strong_s4-r5-N16	4	13.8027	1569152761	98072048	183018084	1488604	128	ok
scale	strong_s4	strong	16	128	2048	scale-hubbard-296ft-strong_s4-r5-N16	5	13.6359	1569152761	98072048	182876692	1488092	128	ok
scale	strong_s4	strong	2	16	256	scale-hubbard-296ft-strong_s4-r5-N2	1	103.5111	1569152761	784576380	107661680	6779880	16	ok
scale	strong_s4	strong	2	16	256	scale-hubbard-296ft-strong_s4-r5-N2	2	107.9132	1569152761	784576380	107752472	6770340	16	ok
scale	strong_s4	strong	2	16	256	scale-hubbard-296ft-strong_s4-r5-N2	3	107.9193	1569152761	784576380	107693964	6782764	16	ok
scale	strong_s4	strong	2	16	256	scale-hubbard-296ft-strong_s4-r5-N2	4	103.4350	1569152761	784576380	107716544	6764688	16	ok
scale	strong_s4	strong	2	16	256	scale-hubbard-296ft-strong_s4-r5-N2	5	103.6216	1569152761	784576380	107777264	6753264	16	ok
scale	strong_s4	strong	32	256	4096	scale-hubbard-296ft-strong_s4-r5-N32	1	7.8215	1569152761	49036024	218808616	892664	256	ok
scale	strong_s4	strong	32	256	4096	scale-hubbard-296ft-strong_s4-r5-N32	2	7.3912	1569152761	49036024	218996960	897384	256	ok
scale	strong_s4	strong	32	256	4096	scale-hubbard-296ft-strong_s4-r5-N32	3	7.3670	1569152761	49036024	219128876	897640	256	ok
scale	strong_s4	strong	32	256	4096	scale-hubbard-296ft-strong_s4-r5-N32	4	7.4163	1569152761	49036024	218902524	894176	256	ok
scale	strong_s4	strong	32	256	4096	scale-hubbard-296ft-strong_s4-r5-N32	5	7.4502	1569152761	49036024	218917668	894224	256	ok
scale	strong_s4	strong	4	32	512	scale-hubbard-296ft-strong_s4-r5-N4	1	51.3642	1569152761	392288190	116952508	3711324	32	ok
scale	strong_s4	strong	4	32	512	scale-hubbard-296ft-strong_s4-r5-N4	2	51.2355	1569152761	392288190	117007300	3702292	32	ok
scale	strong_s4	strong	4	32	512	scale-hubbard-296ft-strong_s4-r5-N4	3	51.2781	1569152761	392288190	116881928	3707976	32	ok
scale	strong_s4	strong	4	32	512	scale-hubbard-296ft-strong_s4-r5-N4	4	55.7518	1569152761	392288190	116782080	3699128	32	ok
scale	strong_s4	strong	4	32	512	scale-hubbard-296ft-strong_s4-r5-N4	5	51.3566	1569152761	392288190	116905292	3699640	32	ok
scale	strong_s4	strong	64	512	8192	scale-hubbard-296ft-strong_s4-r5-N64	1	7.3406	1569152761	24518012	267236888	546788	512	ok
scale	strong_s4	strong	64	512	8192	scale-hubbard-296ft-strong_s4-r5-N64	2	6.8810	1569152761	24518012	267523344	539840	512	ok
scale	strong_s4	strong	64	512	8192	scale-hubbard-296ft-strong_s4-r5-N64	3	7.1693	1569152761	24518012	267794716	543160	512	ok
scale	strong_s4	strong	64	512	8192	scale-hubbard-296ft-strong_s4-r5-N64	4	6.8646	1569152761	24518012	267712184	540276	512	ok
scale	strong_s4	strong	64	512	8192	scale-hubbard-296ft-strong_s4-r5-N64	5	6.7634	1569152761	24518012	267797556	544512	512	ok
scale	strong_s4	strong	8	64	1024	scale-hubbard-296ft-strong_s4-r5-N8	1	25.8018	1569152761	196144095	133195764	2159020	64	ok
scale	strong_s4	strong	8	64	1024	scale-hubbard-296ft-strong_s4-r5-N8	2	25.9433	1569152761	196144095	133302924	2148840	64	ok
scale	strong_s4	strong	8	64	1024	scale-hubbard-296ft-strong_s4-r5-N8	3	25.7878	1569152761	196144095	133312988	2134844	64	ok
scale	strong_s4	strong	8	64	1024	scale-hubbard-296ft-strong_s4-r5-N8	4	25.8097	1569152761	196144095	133354688	2160548	64	ok
scale	strong_s4	strong	8	64	1024	scale-hubbard-296ft-strong_s4-r5-N8	5	25.8381	1569152761	196144095	133238360	2134912	64	ok
scale	strong_s6	strong	16	128	2048	scale-hubbard-296ft-strong_s6-r5-N16	1	52.8815	6125805627	382862852	458459500	3663548	128	ok
scale	strong_s6	strong	16	128	2048	scale-hubbard-296ft-strong_s6-r5-N16	2	52.8840	6125805627	382862852	458807404	3686700	128	ok
scale	strong_s6	strong	16	128	2048	scale-hubbard-296ft-strong_s6-r5-N16	3	52.7950	6125805627	382862852	458705604	3647820	128	ok
scale	strong_s6	strong	16	128	2048	scale-hubbard-296ft-strong_s6-r5-N16	4	52.9351	6125805627	382862852	459066352	3676640	128	ok
scale	strong_s6	strong	16	128	2048	scale-hubbard-296ft-strong_s6-r5-N16	5	52.8676	6125805627	382862852	458981052	3652944	128	ok
scale	strong_s6	strong	2	16	256	scale-hubbard-296ft-strong_s6-r5-N2	1	436.7522	6125805627	3062902814	419308096	26309776	16	ok
scale	strong_s6	strong	2	16	256	scale-hubbard-296ft-strong_s6-r5-N2	2	441.7486	6125805627	3062902814	419206836	26301520	16	ok
scale	strong_s6	strong	2	16	256	scale-hubbard-296ft-strong_s6-r5-N2	3	437.3126	6125805627	3062902814	419479300	26299168	16	ok
scale	strong_s6	strong	2	16	256	scale-hubbard-296ft-strong_s6-r5-N2	4	436.1938	6125805627	3062902814	419347164	26279756	16	ok
scale	strong_s6	strong	2	16	256	scale-hubbard-296ft-strong_s6-r5-N2	5	440.8730	6125805627	3062902814	419276488	26308756	16	ok
scale	strong_s6	strong	32	256	4096	scale-hubbard-296ft-strong_s6-r5-N32	1	28.8907	6125805627	191431426	535065140	2174720	256	ok
scale	strong_s6	strong	32	256	4096	scale-hubbard-296ft-strong_s6-r5-N32	2	28.4288	6125805627	191431426	535049864	2186748	256	ok
scale	strong_s6	strong	32	256	4096	scale-hubbard-296ft-strong_s6-r5-N32	3	28.4265	6125805627	191431426	535356392	2192904	256	ok
scale	strong_s6	strong	32	256	4096	scale-hubbard-296ft-strong_s6-r5-N32	4	28.3484	6125805627	191431426	535496824	2176660	256	ok
scale	strong_s6	strong	32	256	4096	scale-hubbard-296ft-strong_s6-r5-N32	5	28.3551	6125805627	191431426	535324728	2181792	256	ok
scale	strong_s6	strong	4	32	512	scale-hubbard-296ft-strong_s6-r5-N4	1	214.2589	6125805627	1531451407	424366924	13343184	32	ok
scale	strong_s6	strong	4	32	512	scale-hubbard-296ft-strong_s6-r5-N4	2	214.2858	6125805627	1531451407	424351100	13330564	32	ok
scale	strong_s6	strong	4	32	512	scale-hubbard-296ft-strong_s6-r5-N4	3	218.4611	6125805627	1531451407	424384940	13334396	32	ok
scale	strong_s6	strong	4	32	512	scale-hubbard-296ft-strong_s6-r5-N4	4	218.7878	6125805627	1531451407	424311608	13309520	32	ok
scale	strong_s6	strong	4	32	512	scale-hubbard-296ft-strong_s6-r5-N4	5	214.3866	6125805627	1531451407	424581796	13341904	32	ok
scale	strong_s6	strong	64	512	8192	scale-hubbard-296ft-strong_s6-r5-N64	1	17.7181	6125805627	95715713	746677112	1511264	512	ok
scale	strong_s6	strong	64	512	8192	scale-hubbard-296ft-strong_s6-r5-N64	2	16.9100	6125805627	95715713	747526692	1513980	512	ok
scale	strong_s6	strong	64	512	8192	scale-hubbard-296ft-strong_s6-r5-N64	3	17.2569	6125805627	95715713	747703480	1516840	512	ok
scale	strong_s6	strong	64	512	8192	scale-hubbard-296ft-strong_s6-r5-N64	4	16.9352	6125805627	95715713	747347816	1516196	512	ok
scale	strong_s6	strong	64	512	8192	scale-hubbard-296ft-strong_s6-r5-N64	5	16.9553	6125805627	95715713	747347916	1527916	512	ok
scale	strong_s6	strong	8	64	1024	scale-hubbard-296ft-strong_s6-r5-N8	1	105.3250	6125805627	765725703	429792612	6772544	64	ok
scale	strong_s6	strong	8	64	1024	scale-hubbard-296ft-strong_s6-r5-N8	2	109.9030	6125805627	765725703	429764324	6777240	64	ok
scale	strong_s6	strong	8	64	1024	scale-hubbard-296ft-strong_s6-r5-N8	3	105.1414	6125805627	765725703	429827880	6774616	64	ok
scale	strong_s6	strong	8	64	1024	scale-hubbard-296ft-strong_s6-r5-N8	4	109.4440	6125805627	765725703	429632888	6773092	64	ok
scale	strong_s6	strong	8	64	1024	scale-hubbard-296ft-strong_s6-r5-N8	5	105.3192	6125805627	765725703	429926076	6786196	64	ok
scale	strong_s8	strong	16	128	2048	scale-hubbard-296ft-strong_s8-r5-N16	1	221.6507	24419998198	1526249887	1703989168	13418092	128	ok
scale	strong_s8	strong	16	128	2048	scale-hubbard-296ft-strong_s8-r5-N16	2	225.6886	24419998198	1526249887	1704484336	13414476	128	ok
scale	strong_s8	strong	16	128	2048	scale-hubbard-296ft-strong_s8-r5-N16	3	225.6442	24419998198	1526249887	1704634360	13415572	128	ok
scale	strong_s8	strong	16	128	2048	scale-hubbard-296ft-strong_s8-r5-N16	4	225.4819	24419998198	1526249887	1704533800	13416204	128	ok
scale	strong_s8	strong	16	128	2048	scale-hubbard-296ft-strong_s8-r5-N16	5	226.0082	24419998198	1526249887	1704419472	13413276	128	ok
scale	strong_s8	strong	32	256	4096	scale-hubbard-296ft-strong_s8-r5-N32	1	110.0883	24419998198	763124944	1746910528	6884468	256	ok
scale	strong_s8	strong	32	256	4096	scale-hubbard-296ft-strong_s8-r5-N32	2	110.2165	24419998198	763124944	1747257988	6882200	256	ok
scale	strong_s8	strong	32	256	4096	scale-hubbard-296ft-strong_s8-r5-N32	3	110.1457	24419998198	763124944	1747377196	6890636	256	ok
scale	strong_s8	strong	32	256	4096	scale-hubbard-296ft-strong_s8-r5-N32	4	114.4526	24419998198	763124944	1747312144	6895836	256	ok
scale	strong_s8	strong	32	256	4096	scale-hubbard-296ft-strong_s8-r5-N32	5	110.2094	24419998198	763124944	1747951772	6887964	256	ok
scale	strong_s8	strong	64	512	8192	scale-hubbard-296ft-strong_s8-r5-N64	1	57.7120	24419998198	381562472	1797694528	3600384	512	ok
scale	strong_s8	strong	64	512	8192	scale-hubbard-296ft-strong_s8-r5-N64	2	61.9346	24419998198	381562472	1800368200	3671472	512	ok
scale	strong_s8	strong	64	512	8192	scale-hubbard-296ft-strong_s8-r5-N64	3	57.3178	24419998198	381562472	1799072884	3652848	512	ok
scale	strong_s8	strong	64	512	8192	scale-hubbard-296ft-strong_s8-r5-N64	4	57.1867	24419998198	381562472	1797692440	3601368	512	ok
scale	strong_s8	strong	64	512	8192	scale-hubbard-296ft-strong_s8-r5-N64	5	57.1861	24419998198	381562472	1798559748	3718064	512	ok
scale	strong_s8	strong	8	64	1024	scale-hubbard-296ft-strong_s8-r5-N8	1	453.7500	24419998198	3052499775	1687181656	26530584	64	ok
scale	strong_s8	strong	8	64	1024	scale-hubbard-296ft-strong_s8-r5-N8	2	453.5956	24419998198	3052499775	1686781252	26573576	64	ok
scale	strong_s8	strong	8	64	1024	scale-hubbard-296ft-strong_s8-r5-N8	3	458.6675	24419998198	3052499775	1687454248	26543744	64	ok
scale	strong_s8	strong	8	64	1024	scale-hubbard-296ft-strong_s8-r5-N8	4	453.6867	24419998198	3052499775	1686965420	26573668	64	ok
scale	strong_s8	strong	8	64	1024	scale-hubbard-296ft-strong_s8-r5-N8	5	458.1756	24419998198	3052499775	1687382788	26566888	64	ok
scale	weak_1569m	weak	1	8	128	scale-hubbard-296ft-weak_1569m-r5-N1	1	211.2884	1569152761	1569152761	104667244	13123228	8	ok
scale	weak_1569m	weak	1	8	128	scale-hubbard-296ft-weak_1569m-r5-N1	2	211.2559	1569152761	1569152761	104692556	13157376	8	ok
scale	weak_1569m	weak	1	8	128	scale-hubbard-296ft-weak_1569m-r5-N1	3	211.6894	1569152761	1569152761	104645556	13126056	8	ok
scale	weak_1569m	weak	1	8	128	scale-hubbard-296ft-weak_1569m-r5-N1	4	207.3263	1569152761	1569152761	104653320	13124568	8	ok
scale	weak_1569m	weak	1	8	128	scale-hubbard-296ft-weak_1569m-r5-N1	5	211.9980	1569152761	1569152761	104532140	13150924	8	ok
scale	weak_1569m	weak	16	128	2048	scale-hubbard-296ft-weak_1569m-r5-N16	1	225.6665	24419998198	1526249887	1704762752	13430756	128	ok
scale	weak_1569m	weak	16	128	2048	scale-hubbard-296ft-weak_1569m-r5-N16	2	225.7897	24419998198	1526249887	1704751120	13392788	128	ok
scale	weak_1569m	weak	16	128	2048	scale-hubbard-296ft-weak_1569m-r5-N16	3	226.0492	24419998198	1526249887	1704749036	13432732	128	ok
scale	weak_1569m	weak	16	128	2048	scale-hubbard-296ft-weak_1569m-r5-N16	4	226.1431	24419998198	1526249887	1704556352	13383520	128	ok
scale	weak_1569m	weak	16	128	2048	scale-hubbard-296ft-weak_1569m-r5-N16	5	221.4930	24419998198	1526249887	1704887316	13409324	128	ok
scale	weak_1569m	weak	2	16	256	scale-hubbard-296ft-weak_1569m-r5-N2	1	217.8179	3104527573	1552263786	209947148	13169760	16	ok
scale	weak_1569m	weak	2	16	256	scale-hubbard-296ft-weak_1569m-r5-N2	2	217.1825	3104527573	1552263786	210021928	13172256	16	ok
scale	weak_1569m	weak	2	16	256	scale-hubbard-296ft-weak_1569m-r5-N2	3	217.6891	3104527573	1552263786	210070748	13162156	16	ok
scale	weak_1569m	weak	2	16	256	scale-hubbard-296ft-weak_1569m-r5-N2	4	217.6949	3104527573	1552263786	210049616	13178920	16	ok
scale	weak_1569m	weak	2	16	256	scale-hubbard-296ft-weak_1569m-r5-N2	5	213.7809	3104527573	1552263786	210037668	13168308	16	ok
scale	weak_1569m	weak	32	256	4096	scale-hubbard-296ft-weak_1569m-r5-N32	1	228.4591	48317129677	1509910302	3393633460	13396552	256	ok
scale	weak_1569m	weak	32	256	4096	scale-hubbard-296ft-weak_1569m-r5-N32	2	233.1887	48317129677	1509910302	3393507664	13376808	256	ok
scale	weak_1569m	weak	32	256	4096	scale-hubbard-296ft-weak_1569m-r5-N32	3	233.3306	48317129677	1509910302	3392992400	13370820	256	ok
scale	weak_1569m	weak	32	256	4096	scale-hubbard-296ft-weak_1569m-r5-N32	4	232.7265	48317129677	1509910302	3393780584	13380424	256	ok
scale	weak_1569m	weak	32	256	4096	scale-hubbard-296ft-weak_1569m-r5-N32	5	232.7823	48317129677	1509910302	3393127524	13363628	256	ok
scale	weak_1569m	weak	4	32	512	scale-hubbard-296ft-weak_1569m-r5-N4	1	220.7859	6125805627	1531451407	424167512	13307012	32	ok
scale	weak_1569m	weak	4	32	512	scale-hubbard-296ft-weak_1569m-r5-N4	2	220.7691	6125805627	1531451407	424451564	13338096	32	ok
scale	weak_1569m	weak	4	32	512	scale-hubbard-296ft-weak_1569m-r5-N4	3	226.6517	6125805627	1531451407	424385684	13327320	32	ok
scale	weak_1569m	weak	4	32	512	scale-hubbard-296ft-weak_1569m-r5-N4	4	220.8945	6125805627	1531451407	424290988	13301264	32	ok
scale	weak_1569m	weak	4	32	512	scale-hubbard-296ft-weak_1569m-r5-N4	5	221.0123	6125805627	1531451407	424134296	13334752	32	ok
scale	weak_1569m	weak	64	512	8192	scale-hubbard-296ft-weak_1569m-r5-N64	1	224.2434	94684031363	1479437990	5642094276	11185356	512	ok
scale	weak_1569m	weak	64	512	8192	scale-hubbard-296ft-weak_1569m-r5-N64	2	224.0430	94684031363	1479437990	5642981280	11183564	512	ok
scale	weak_1569m	weak	64	512	8192	scale-hubbard-296ft-weak_1569m-r5-N64	3	224.1511	94684031363	1479437990	5644083936	11183260	512	ok
scale	weak_1569m	weak	64	512	8192	scale-hubbard-296ft-weak_1569m-r5-N64	4	224.1761	94684031363	1479437990	5644444360	11157028	512	ok
scale	weak_1569m	weak	64	512	8192	scale-hubbard-296ft-weak_1569m-r5-N64	5	228.5011	94684031363	1479437990	5643623520	11161412	512	ok
scale	weak_1569m	weak	8	64	1024	scale-hubbard-296ft-weak_1569m-r5-N8	1	220.3232	12255330837	1531916355	838017676	13175748	64	ok
scale	weak_1569m	weak	8	64	1024	scale-hubbard-296ft-weak_1569m-r5-N8	2	221.4774	12255330837	1531916355	838103564	13206640	64	ok
scale	weak_1569m	weak	8	64	1024	scale-hubbard-296ft-weak_1569m-r5-N8	3	216.8745	12255330837	1531916355	838164640	13192588	64	ok
scale	weak_1569m	weak	8	64	1024	scale-hubbard-296ft-weak_1569m-r5-N8	4	216.8477	12255330837	1531916355	838464960	13185724	64	ok
scale	weak_1569m	weak	8	64	1024	scale-hubbard-296ft-weak_1569m-r5-N8	5	221.3537	12255330837	1531916355	837777352	13188200	64	ok
scale	weak_377m	weak	1	8	128	scale-hubbard-296ft-weak_377m-r5-N1	1	46.7179	377482074	377482074	28069536	3554196	8	ok
scale	weak_377m	weak	1	8	128	scale-hubbard-296ft-weak_377m-r5-N1	2	46.8029	377482074	377482074	27907204	3543052	8	ok
scale	weak_377m	weak	1	8	128	scale-hubbard-296ft-weak_377m-r5-N1	3	46.5019	377482074	377482074	28056832	3545284	8	ok
scale	weak_377m	weak	1	8	128	scale-hubbard-296ft-weak_377m-r5-N1	4	46.4878	377482074	377482074	28074856	3559356	8	ok
scale	weak_377m	weak	1	8	128	scale-hubbard-296ft-weak_377m-r5-N1	5	46.4972	377482074	377482074	28015820	3540284	8	ok
scale	weak_377m	weak	16	128	2048	scale-hubbard-296ft-weak_377m-r5-N16	1	52.6936	6125805627	382862852	458501620	3651028	128	ok
scale	weak_377m	weak	16	128	2048	scale-hubbard-296ft-weak_377m-r5-N16	2	57.4920	6125805627	382862852	458906980	3647488	128	ok
scale	weak_377m	weak	16	128	2048	scale-hubbard-296ft-weak_377m-r5-N16	3	52.8011	6125805627	382862852	458557892	3647744	128	ok
scale	weak_377m	weak	16	128	2048	scale-hubbard-296ft-weak_377m-r5-N16	4	52.7713	6125805627	382862852	458732556	3652936	128	ok
scale	weak_377m	weak	16	128	2048	scale-hubbard-296ft-weak_377m-r5-N16	5	52.9163	6125805627	382862852	458837944	3651548	128	ok
scale	weak_377m	weak	2	16	256	scale-hubbard-296ft-weak_377m-r5-N2	1	49.4200	781669404	390834702	58524816	3718560	16	ok
scale	weak_377m	weak	2	16	256	scale-hubbard-296ft-weak_377m-r5-N2	2	49.5427	781669404	390834702	58678392	3734836	16	ok
scale	weak_377m	weak	2	16	256	scale-hubbard-296ft-weak_377m-r5-N2	3	49.5354	781669404	390834702	58669536	3745280	16	ok
scale	weak_377m	weak	2	16	256	scale-hubbard-296ft-weak_377m-r5-N2	4	49.5162	781669404	390834702	58638576	3712784	16	ok
scale	weak_377m	weak	2	16	256	scale-hubbard-296ft-weak_377m-r5-N2	5	49.4370	781669404	390834702	58674984	3712352	16	ok
scale	weak_377m	weak	32	256	4096	scale-hubbard-296ft-weak_377m-r5-N32	1	53.7033	12255330837	382979089	880514128	3546316	256	ok
scale	weak_377m	weak	32	256	4096	scale-hubbard-296ft-weak_377m-r5-N32	2	54.0452	12255330837	382979089	881285028	3571108	256	ok
scale	weak_377m	weak	32	256	4096	scale-hubbard-296ft-weak_377m-r5-N32	3	53.9065	12255330837	382979089	880601016	3579092	256	ok
scale	weak_377m	weak	32	256	4096	scale-hubbard-296ft-weak_377m-r5-N32	4	54.0086	12255330837	382979089	881016784	3578112	256	ok
scale	weak_377m	weak	32	256	4096	scale-hubbard-296ft-weak_377m-r5-N32	5	53.8912	12255330837	382979089	881200132	3552204	256	ok
scale	weak_377m	weak	4	32	512	scale-hubbard-296ft-weak_377m-r5-N4	1	51.2796	1569152761	392288190	117017836	3712152	32	ok
scale	weak_377m	weak	4	32	512	scale-hubbard-296ft-weak_377m-r5-N4	2	55.5744	1569152761	392288190	117131036	3703240	32	ok
scale	weak_377m	weak	4	32	512	scale-hubbard-296ft-weak_377m-r5-N4	3	51.2857	1569152761	392288190	116966668	3709084	32	ok
scale	weak_377m	weak	4	32	512	scale-hubbard-296ft-weak_377m-r5-N4	4	51.2131	1569152761	392288190	116899876	3706568	32	ok
scale	weak_377m	weak	4	32	512	scale-hubbard-296ft-weak_377m-r5-N4	5	51.4420	1569152761	392288190	117192556	3729228	32	ok
scale	weak_377m	weak	64	512	8192	scale-hubbard-296ft-weak_377m-r5-N64	1	61.9390	24419998198	381562472	1798297200	3584544	512	ok
scale	weak_377m	weak	64	512	8192	scale-hubbard-296ft-weak_377m-r5-N64	2	57.1828	24419998198	381562472	1797452768	3598276	512	ok
scale	weak_377m	weak	64	512	8192	scale-hubbard-296ft-weak_377m-r5-N64	3	57.2364	24419998198	381562472	1799004448	3588172	512	ok
scale	weak_377m	weak	64	512	8192	scale-hubbard-296ft-weak_377m-r5-N64	4	57.3492	24419998198	381562472	1799316764	3642108	512	ok
scale	weak_377m	weak	64	512	8192	scale-hubbard-296ft-weak_377m-r5-N64	5	57.4209	24419998198	381562472	1798518924	3648500	512	ok
scale	weak_377m	weak	8	64	1024	scale-hubbard-296ft-weak_377m-r5-N8	1	52.0709	3104527573	388065947	230246136	3661748	64	ok
scale	weak_377m	weak	8	64	1024	scale-hubbard-296ft-weak_377m-r5-N8	2	56.3436	3104527573	388065947	230715644	3649916	64	ok
scale	weak_377m	weak	8	64	1024	scale-hubbard-296ft-weak_377m-r5-N8	3	51.9224	3104527573	388065947	230737324	3650824	64	ok
scale	weak_377m	weak	8	64	1024	scale-hubbard-296ft-weak_377m-r5-N8	4	52.0834	3104527573	388065947	230390592	3654968	64	ok
scale	weak_377m	weak	8	64	1024	scale-hubbard-296ft-weak_377m-r5-N8	5	56.5256	3104527573	388065947	230938188	3659588	64	ok
